Date,Name,Transaction,Event,Units
05-01-2015,GSPL.NS,Open,Buy,887
05-01-2015,GSPL.NS,Close,Sell,887
13-02-2015,SBIN.NS,Open,Buy,359
13-02-2015,SBIN.NS,Close,Sell,359
19-02-2015,JSWSTEEL.NS,Open,Buy,1070
19-02-2015,JSWSTEEL.NS,Close,Sell,1070
05-01-2015,GSPL.NS,Open,Buy,887
05-01-2015,GSPL.NS,Close,Sell,887
13-02-2015,SBIN.NS,Open,Buy,359
13-02-2015,SBIN.NS,Close,Sell,359
19-02-2015,JSWSTEEL.NS,Open,Buy,1070
19-02-2015,JSWSTEEL.NS,Close,Sell,1070
27-02-2015,YESBANK.NS,Close,Buy,642
02-03-2015,YESBANK.NS,Open,Sell,642
10-03-2015,BHARTIARTL.NS,Open,Buy,340
10-03-2015,BHARTIARTL.NS,Close,Sell,340
11-03-2015,BHARTIARTL.NS,Open,Buy,321
11-03-2015,BHARTIARTL.NS,Close,Sell,321
23-03-2015,GSPL.NS,Open,Buy,935
23-03-2015,GSPL.NS,Close,Sell,935
01-04-2015,SAIL.BO,Open,Buy,1641
01-04-2015,SAIL.BO,Close,Sell,1641
23-04-2015,YESBANK.NS,Open,Buy,683
23-04-2015,YESBANK.NS,Close,Sell,683
11-05-2015,GSPL.NS,Open,Buy,1005
11-05-2015,GSPL.NS,Close,Sell,1005
14-05-2015,JSWENERGY.BO,Open,Buy,1063
14-05-2015,JSWENERGY.BO,Close,Sell,1063
29-05-2015,BHARTIARTL.NS,Open,Buy,303
29-05-2015,BHARTIARTL.NS,Close,Sell,303
16-07-2015,GSPL.NS,Open,Buy,895
16-07-2015,GSPL.NS,Close,Sell,895
14-08-2015,JSWENERGY.BO,Open,Buy,1630
14-08-2015,JSWENERGY.BO,Close,Sell,1630
17-08-2015,JSWSTEEL.NS,Open,Buy,1276
17-08-2015,JSWSTEEL.NS,Close,Sell,1276
25-08-2015,JSWENERGY.BO,Open,Buy,1922
25-08-2015,JSWENERGY.BO,Close,Sell,1922
08-09-2015,JSWENERGY.BO,Open,Buy,1749
08-09-2015,JSWENERGY.BO,Close,Sell,1749
10-09-2015,JSWENERGY.BO,Open,Buy,1602
10-09-2015,JSWENERGY.BO,Close,Sell,1602
30-09-2015,JSWENERGY.BO,Open,Buy,1416
30-09-2015,JSWENERGY.BO,Close,Sell,1416
14-10-2015,GSPL.NS,Open,Buy,1097
14-10-2015,GSPL.NS,Close,Sell,1097
15-10-2015,TATAMOTORS.NS,Open,Buy,364
15-10-2015,TATAMOTORS.NS,Close,Sell,364
09-11-2015,TATAMOTORS.NS,Open,Buy,353
09-11-2015,TATAMOTORS.NS,Close,Sell,353
01-12-2015,JSWSTEEL.NS,Open,Buy,1548
01-12-2015,JSWSTEEL.NS,Close,Sell,1548
04-12-2015,SAIL.BO,Close,Buy,2973
07-12-2015,SAIL.BO,Open,Sell,2973
14-12-2015,JSWSTEEL.NS,Open,Buy,1456
14-12-2015,JSWSTEEL.NS,Close,Sell,1456
17-12-2015,SAIL.BO,Open,Buy,3102
17-12-2015,SAIL.BO,Close,Sell,3102
22-12-2015,GSPL.NS,Open,Buy,1105
22-12-2015,GSPL.NS,Close,Sell,1105
05-01-2016,GSPL.NS,Open,Buy,1026
05-01-2016,GSPL.NS,Close,Sell,1026
19-01-2016,JSWENERGY.BO,Open,Buy,2111
19-01-2016,JSWENERGY.BO,Close,Sell,2111
29-01-2016,YESBANK.NS,Open,Buy,1125
29-01-2016,YESBANK.NS,Close,Sell,1125
05-02-2016,SAIL.BO,Open,Buy,4142
05-02-2016,SAIL.BO,Close,Sell,4142
12-02-2016,TATAMOTORS.NS,Open,Buy,572
12-02-2016,TATAMOTORS.NS,Close,Sell,572
15-02-2016,TATAMOTORS.NS,Open,Buy,544
15-02-2016,TATAMOTORS.NS,Close,Sell,544
01-03-2016,SBIN.NS,Close,Buy,1012
02-03-2016,SBIN.NS,Open,Sell,1012
08-03-2016,SAIL.BO,Open,Buy,4147
08-03-2016,SAIL.BO,Close,Sell,4147
27-05-2016,SBIN.NS,Open,Buy,927
27-05-2016,SBIN.NS,Close,Sell,927
30-05-2016,TATAMOTORS.NS,Close,Buy,409
31-05-2016,TATAMOTORS.NS,Open,Sell,409
08-06-2016,JSWENERGY.BO,Open,Buy,2464
08-06-2016,JSWENERGY.BO,Close,Sell,2464
09-06-2016,SAIL.BO,Open,Buy,4420
09-06-2016,SAIL.BO,Close,Sell,4420
29-06-2016,JSWENERGY.BO,Open,Buy,2351
29-06-2016,JSWENERGY.BO,Close,Sell,2351
15-07-2016,NTPC.NS,Open,Buy,1583
15-07-2016,NTPC.NS,Close,Sell,1583
12-08-2016,SBIN.NS,Open,Buy,863
12-08-2016,SBIN.NS,Close,Sell,863
18-08-2016,GSPL.NS,Open,Buy,1387
18-08-2016,GSPL.NS,Close,Sell,1387
06-09-2016,TATAMOTORS.NS,Open,Buy,362
06-09-2016,TATAMOTORS.NS,Close,Sell,362
07-09-2016,SAIL.BO,Open,Buy,4153
07-09-2016,SAIL.BO,Close,Sell,4153
09-11-2016,SBIN.NS,Open,Buy,871
09-11-2016,SBIN.NS,Close,Sell,871
10-11-2016,SBIN.NS,Open,Buy,806
10-11-2016,SBIN.NS,Close,Sell,806
28-11-2016,BHARTIARTL.NS,Open,Buy,779
28-11-2016,BHARTIARTL.NS,Close,Sell,779
05-01-2017,JSWSTEEL.NS,Open,Buy,1321
05-01-2017,JSWSTEEL.NS,Close,Sell,1321
06-01-2017,JSWENERGY.BO,Open,Buy,3556
06-01-2017,JSWENERGY.BO,Close,Sell,3556
11-01-2017,SAIL.BO,Open,Buy,4157
11-01-2017,SAIL.BO,Close,Sell,4157
12-01-2017,NTPC.NS,Open,Buy,1611
12-01-2017,NTPC.NS,Close,Sell,1611
17-01-2017,GSPL.NS,Open,Buy,1615
17-01-2017,GSPL.NS,Close,Sell,1615
23-01-2017,SAIL.BO,Open,Buy,3840
23-01-2017,SAIL.BO,Close,Sell,3840
30-01-2017,BHARTIARTL.NS,Open,Buy,753
30-01-2017,BHARTIARTL.NS,Close,Sell,753
06-02-2017,LAURUSLABS.NS,Open,Buy,2226
06-02-2017,LAURUSLABS.NS,Close,Sell,2226
07-02-2017,GSPL.NS,Open,Buy,1500
07-02-2017,GSPL.NS,Close,Sell,1500
22-02-2017,RELIANCE.NS,Open,Buy,438
22-02-2017,RELIANCE.NS,Close,Sell,438
10-05-2017,BHARTIARTL.NS,Open,Buy,805
10-05-2017,BHARTIARTL.NS,Close,Sell,805
28-06-2017,GSPL.NS,Open,Buy,1599
28-06-2017,GSPL.NS,Close,Sell,1599
26-07-2017,YESBANK.NS,Open,Buy,809
26-07-2017,YESBANK.NS,Close,Sell,809
28-07-2017,JSWENERGY.BO,Open,Buy,3903
28-07-2017,JSWENERGY.BO,Close,Sell,3903
28-08-2017,JSWENERGY.BO,Open,Buy,4238
28-08-2017,JSWENERGY.BO,Close,Sell,4238
08-09-2017,JSWENERGY.BO,Open,Buy,4002
08-09-2017,JSWENERGY.BO,Close,Sell,4002
20-09-2017,BHARTIARTL.NS,Open,Buy,805
20-09-2017,BHARTIARTL.NS,Close,Sell,805
21-09-2017,DRREDDY.NS,Open,Buy,118
21-09-2017,DRREDDY.NS,Close,Sell,118
29-09-2017,TATAMOTORS.NS,Close,Buy,699
03-10-2017,TATAMOTORS.NS,Open,Sell,699
12-10-2017,BHARTIARTL.NS,Close,Buy,773
13-10-2017,BHARTIARTL.NS,Open,Sell,773
24-10-2017,SBIN.NS,Close,Buy,1140
25-10-2017,SBIN.NS,Open,Sell,1140
25-10-2017,SBIN.NS,Open,Buy,1083
25-10-2017,SBIN.NS,Close,Sell,1083
26-10-2017,SAIL.BO,Open,Buy,4959
26-10-2017,SAIL.BO,Close,Sell,4959
03-11-2017,SAIL.BO,Open,Buy,4497
03-11-2017,SAIL.BO,Close,Sell,4497
10-11-2017,SBIN.NS,Open,Buy,1176
10-11-2017,SBIN.NS,Close,Sell,1176
14-11-2017,LAURUSLABS.NS,Close,Buy,3565
15-11-2017,LAURUSLABS.NS,Open,Sell,3565
07-12-2017,BHARTIARTL.NS,Open,Buy,844
07-12-2017,BHARTIARTL.NS,Close,Sell,844
11-12-2017,DRREDDY.NS,Close,Buy,172
12-12-2017,DRREDDY.NS,Open,Sell,172
22-12-2017,GSPL.NS,Open,Buy,1845
22-12-2017,GSPL.NS,Close,Sell,1845
05-02-2018,BHARTIARTL.NS,Open,Buy,1009
05-02-2018,BHARTIARTL.NS,Close,Sell,1009
09-02-2018,SAIL.BO,Open,Buy,4538
09-02-2018,SAIL.BO,Close,Sell,4538
20-03-2018,SAIL.BO,Open,Buy,5931
20-03-2018,SAIL.BO,Close,Sell,5931
26-03-2018,YESBANK.NS,Open,Buy,1416
26-03-2018,YESBANK.NS,Close,Sell,1416
03-04-2018,JSWENERGY.BO,Open,Buy,5444
03-04-2018,JSWENERGY.BO,Close,Sell,5444
26-04-2018,YESBANK.NS,Open,Buy,1250
26-04-2018,YESBANK.NS,Close,Sell,1250
22-05-2018,DRREDDY.NS,Open,Buy,220
22-05-2018,DRREDDY.NS,Close,Sell,220
28-05-2018,JSWENERGY.BO,Open,Buy,5779
28-05-2018,JSWENERGY.BO,Close,Sell,5779
30-05-2018,JSWENERGY.BO,Open,Buy,5616
30-05-2018,JSWENERGY.BO,Close,Sell,5616
07-06-2018,SAIL.BO,Open,Buy,5585
07-06-2018,SAIL.BO,Close,Sell,5585
08-06-2018,GSPL.NS,Open,Buy,2457
08-06-2018,GSPL.NS,Close,Sell,2457
30-07-2018,BHARTIARTL.NS,Open,Buy,1349
30-07-2018,BHARTIARTL.NS,Close,Sell,1349
01-08-2018,TATAMOTORS.NS,Open,Buy,1804
01-08-2018,TATAMOTORS.NS,Close,Sell,1804
24-08-2018,JSWSTEEL.NS,Open,Buy,1352
24-08-2018,JSWSTEEL.NS,Close,Sell,1352
29-08-2018,JSWSTEEL.NS,Open,Buy,1227
29-08-2018,JSWSTEEL.NS,Close,Sell,1227
06-09-2018,GSPL.NS,Open,Buy,2521
06-09-2018,GSPL.NS,Close,Sell,2521
01-10-2018,YESBANK.NS,Open,Buy,2600
01-10-2018,YESBANK.NS,Close,Sell,2600
08-10-2018,RELIANCE.NS,Open,Buy,477
08-10-2018,RELIANCE.NS,Close,Sell,477
10-10-2018,SAIL.BO,Open,Buy,7936
10-10-2018,SAIL.BO,Close,Sell,7936
11-10-2018,YESBANK.NS,Open,Buy,2270
11-10-2018,YESBANK.NS,Close,Sell,2270
24-10-2018,BHARTIARTL.NS,Open,Buy,1945
24-10-2018,BHARTIARTL.NS,Close,Sell,1945
29-10-2018,SBIN.NS,Open,Buy,2144
29-10-2018,SBIN.NS,Close,Sell,2144
01-11-2018,YESBANK.NS,Open,Buy,2842
01-11-2018,YESBANK.NS,Close,Sell,2842
09-11-2018,YESBANK.NS,Open,Buy,2574
09-11-2018,YESBANK.NS,Close,Sell,2574
16-11-2018,BHARTIARTL.NS,Open,Buy,2004
16-11-2018,BHARTIARTL.NS,Close,Sell,2004
20-11-2018,DRREDDY.NS,Close,Buy,238
21-11-2018,DRREDDY.NS,Open,Sell,238
11-12-2018,YESBANK.NS,Open,Buy,3586
11-12-2018,YESBANK.NS,Close,Sell,3586
28-12-2018,SAIL.BO,Open,Buy,11685
28-12-2018,SAIL.BO,Close,Sell,11685
14-01-2019,YESBANK.NS,Open,Buy,3291
14-01-2019,YESBANK.NS,Close,Sell,3291
24-01-2019,YESBANK.NS,Open,Buy,3069
24-01-2019,YESBANK.NS,Close,Sell,3069
12-02-2019,YESBANK.NS,Close,Buy,3638
14-02-2019,YESBANK.NS,Open,Sell,3638
14-02-2019,YESBANK.NS,Open,Buy,3456
14-02-2019,YESBANK.NS,Close,Sell,3456
18-02-2019,YESBANK.NS,Open,Buy,3614
18-02-2019,YESBANK.NS,Close,Sell,3614
26-02-2019,TATAMOTORS.NS,Open,Buy,4238
26-02-2019,TATAMOTORS.NS,Close,Sell,4238
01-03-2019,SAIL.BO,Open,Buy,15008
01-03-2019,SAIL.BO,Close,Sell,15008
05-03-2019,TATAMOTORS.NS,Open,Buy,4064
05-03-2019,TATAMOTORS.NS,Close,Sell,4064
11-03-2019,BHARTIARTL.NS,Open,Buy,2640
11-03-2019,BHARTIARTL.NS,Close,Sell,2640
12-03-2019,BHARTIARTL.NS,Open,Buy,2516
12-03-2019,BHARTIARTL.NS,Close,Sell,2516
27-03-2019,JSWENERGY.BO,Open,Buy,11869
27-03-2019,JSWENERGY.BO,Close,Sell,11869
28-03-2019,SAIL.BO,Close,Buy,15325
01-04-2019,SAIL.BO,Open,Sell,15325
01-04-2019,TATAMOTORS.NS,Open,Buy,4515
01-04-2019,TATAMOTORS.NS,Close,Sell,4515
02-04-2019,TATAMOTORS.NS,Open,Buy,4274
02-04-2019,TATAMOTORS.NS,Close,Sell,4274
15-04-2019,TATAMOTORS.NS,Open,Buy,3794
15-04-2019,TATAMOTORS.NS,Close,Sell,3794
02-05-2019,YESBANK.NS,Open,Buy,5157
02-05-2019,YESBANK.NS,Close,Sell,5157
09-05-2019,YESBANK.NS,Open,Buy,5387
09-05-2019,YESBANK.NS,Close,Sell,5387
14-05-2019,BHARTIARTL.NS,Open,Buy,2758
14-05-2019,BHARTIARTL.NS,Close,Sell,2758
17-05-2019,YESBANK.NS,Close,Buy,6575
20-05-2019,YESBANK.NS,Open,Sell,6575
24-05-2019,JSWENERGY.BO,Open,Buy,13365
24-05-2019,JSWENERGY.BO,Close,Sell,13365
20-06-2019,YESBANK.NS,Open,Buy,8937
20-06-2019,YESBANK.NS,Close,Sell,8937
08-07-2019,YESBANK.NS,Open,Buy,11179
08-07-2019,YESBANK.NS,Close,Sell,11179
16-07-2019,YESBANK.NS,Open,Buy,10524
16-07-2019,YESBANK.NS,Close,Sell,10524
22-07-2019,YESBANK.NS,Open,Buy,12464
22-07-2019,YESBANK.NS,Close,Sell,12464
26-07-2019,YESBANK.NS,Open,Buy,12161
26-07-2019,YESBANK.NS,Close,Sell,12161
31-07-2019,YESBANK.NS,Open,Buy,12903
31-07-2019,YESBANK.NS,Close,Sell,12903
06-08-2019,YESBANK.NS,Open,Buy,13819
06-08-2019,YESBANK.NS,Close,Sell,13819
09-08-2019,LAURUSLABS.NS,Open,Buy,17502
09-08-2019,LAURUSLABS.NS,Close,Sell,17502
09-08-2019,RELIANCE.NS,Close,Buy,987
13-08-2019,RELIANCE.NS,Open,Sell,987
23-08-2019,YESBANK.NS,Close,Buy,19349
26-08-2019,YESBANK.NS,Open,Sell,19349
27-08-2019,TATAMOTORS.NS,Open,Buy,10267
27-08-2019,TATAMOTORS.NS,Close,Sell,10267
04-09-2019,SAIL.BO,Open,Buy,38552
04-09-2019,SAIL.BO,Close,Sell,38552
05-09-2019,TATAMOTORS.NS,Open,Buy,10762
05-09-2019,TATAMOTORS.NS,Close,Sell,10762
11-09-2019,YESBANK.NS,Open,Buy,18287
11-09-2019,YESBANK.NS,Close,Sell,18287
20-09-2019,SBIN.NS,Open,Buy,4531
20-09-2019,SBIN.NS,Close,Sell,4531
20-09-2019,JSWSTEEL.NS,Close,Buy,5454
23-09-2019,JSWSTEEL.NS,Open,Sell,5454
01-10-2019,YESBANK.NS,Close,Buy,40962
03-10-2019,YESBANK.NS,Open,Sell,40962
03-10-2019,YESBANK.NS,Open,Buy,38914
03-10-2019,YESBANK.NS,Close,Sell,38914
03-10-2019,YESBANK.NS,Close,Buy,36968
04-10-2019,YESBANK.NS,Open,Sell,36968
04-10-2019,YESBANK.NS,Close,Buy,37495
07-10-2019,YESBANK.NS,Open,Sell,37495
17-10-2019,YESBANK.NS,Open,Buy,39063
17-10-2019,YESBANK.NS,Close,Sell,39063
18-10-2019,YESBANK.NS,Open,Buy,37747
18-10-2019,YESBANK.NS,Close,Sell,37747
18-10-2019,LAURUSLABS.NS,Close,Buy,29146
22-10-2019,LAURUSLABS.NS,Open,Sell,29146
25-10-2019,YESBANK.NS,Open,Buy,38098
25-10-2019,YESBANK.NS,Close,Sell,38098
25-10-2019,TATAMOTORS.NS,Close,Buy,14879
27-10-2019,TATAMOTORS.NS,Open,Sell,14879
27-10-2019,TATAMOTORS.NS,Open,Buy,14135
27-10-2019,TATAMOTORS.NS,Close,Sell,14135
29-10-2019,TATAMOTORS.NS,Open,Buy,13057
29-10-2019,TATAMOTORS.NS,Close,Sell,13057
31-10-2019,YESBANK.NS,Open,Buy,38131
31-10-2019,YESBANK.NS,Close,Sell,38131
31-10-2019,LAURUSLABS.NS,Close,Buy,34481
01-11-2019,LAURUSLABS.NS,Open,Sell,34481
01-11-2019,SAIL.BO,Open,Buy,72654
01-11-2019,SAIL.BO,Close,Sell,72654
04-11-2019,YESBANK.NS,Open,Buy,44901
04-11-2019,YESBANK.NS,Close,Sell,44901
04-11-2019,YESBANK.NS,Close,Buy,42656
05-11-2019,YESBANK.NS,Open,Sell,42656
15-11-2019,BHARTIARTL.NS,Open,Buy,7960
15-11-2019,BHARTIARTL.NS,Close,Sell,7960
20-11-2019,YESBANK.NS,Open,Buy,47867
20-11-2019,YESBANK.NS,Close,Sell,47867
22-11-2019,SAIL.BO,Open,Buy,82720
22-11-2019,SAIL.BO,Close,Sell,82720
25-11-2019,BHARTIARTL.NS,Open,Buy,7208
25-11-2019,BHARTIARTL.NS,Close,Sell,7208
26-11-2019,YESBANK.NS,Close,Buy,48950
27-11-2019,YESBANK.NS,Open,Sell,48950
29-11-2019,BHARTIARTL.NS,Close,Buy,7157
02-12-2019,BHARTIARTL.NS,Open,Sell,7157
04-12-2019,YESBANK.NS,Open,Buy,54716
04-12-2019,YESBANK.NS,Close,Sell,54716
12-12-2019,TATAMOTORS.NS,Open,Buy,20035
12-12-2019,TATAMOTORS.NS,Close,Sell,20035
19-12-2019,YESBANK.NS,Open,Buy,71727
19-12-2019,YESBANK.NS,Close,Sell,71727
02-01-2020,SAIL.BO,Open,Buy,77278
02-01-2020,SAIL.BO,Close,Sell,77278
23-01-2020,YESBANK.NS,Open,Buy,89982
23-01-2020,YESBANK.NS,Close,Sell,89982
27-01-2020,DRREDDY.NS,Open,Buy,1155
27-01-2020,DRREDDY.NS,Close,Sell,1155
30-01-2020,LAURUSLABS.NS,Close,Buy,40180
31-01-2020,LAURUSLABS.NS,Open,Sell,40180
05-02-2020,TATAMOTORS.NS,Open,Buy,20973
05-02-2020,TATAMOTORS.NS,Close,Sell,20973
04-03-2020,JSWENERGY.BO,Close,Buy,67737
05-03-2020,JSWENERGY.BO,Open,Sell,67737
05-03-2020,YESBANK.NS,Open,Buy,124542
05-03-2020,YESBANK.NS,Close,Sell,124542
06-03-2020,SAIL.BO,Open,Buy,140000
06-03-2020,SAIL.BO,Close,Sell,140000
06-03-2020,YESBANK.NS,Close,Buy,271353
09-03-2020,YESBANK.NS,Open,Sell,271353
09-03-2020,YESBANK.NS,Open,Buy,257785
09-03-2020,YESBANK.NS,Close,Sell,257785
09-03-2020,YESBANK.NS,Close,Buy,244896
11-03-2020,YESBANK.NS,Open,Sell,244896
11-03-2020,YESBANK.NS,Open,Buy,232651
11-03-2020,YESBANK.NS,Close,Sell,232651
13-03-2020,SAIL.BO,Open,Buy,268014
13-03-2020,SAIL.BO,Close,Sell,268014
16-03-2020,YESBANK.NS,Open,Buy,280837
16-03-2020,YESBANK.NS,Close,Sell,280837
16-03-2020,YESBANK.NS,Close,Buy,266795
17-03-2020,YESBANK.NS,Open,Sell,266795
17-03-2020,YESBANK.NS,Open,Buy,253455
17-03-2020,YESBANK.NS,Close,Sell,253455
17-03-2020,YESBANK.NS,Close,Buy,240782
18-03-2020,YESBANK.NS,Open,Sell,240782
19-03-2020,BHARTIARTL.NS,Open,Buy,35427
19-03-2020,BHARTIARTL.NS,Close,Sell,35427
19-03-2020,YESBANK.NS,Close,Buy,277971
20-03-2020,YESBANK.NS,Open,Sell,277971
20-03-2020,DRREDDY.NS,Open,Buy,5919
20-03-2020,DRREDDY.NS,Close,Sell,5919
23-03-2020,GSPL.NS,Open,Buy,107328
23-03-2020,GSPL.NS,Close,Sell,107328
23-03-2020,YESBANK.NS,Close,Buy,424904
24-03-2020,YESBANK.NS,Open,Sell,424904
24-03-2020,JSWENERGY.BO,Open,Buy,400448
24-03-2020,JSWENERGY.BO,Close,Sell,400448
24-03-2020,JSWENERGY.BO,Close,Buy,380425
25-03-2020,JSWENERGY.BO,Open,Sell,380425
25-03-2020,RELIANCE.NS,Open,Buy,18813
25-03-2020,RELIANCE.NS,Close,Sell,18813
26-03-2020,BHARTIARTL.NS,Open,Buy,44925
26-03-2020,BHARTIARTL.NS,Close,Sell,44925
26-03-2020,YESBANK.NS,Close,Buy,755232
27-03-2020,YESBANK.NS,Open,Sell,755232
31-03-2020,SAIL.BO,Open,Buy,992501
31-03-2020,SAIL.BO,Close,Sell,992501
01-04-2020,YESBANK.NS,Open,Buy,987877
01-04-2020,YESBANK.NS,Close,Sell,987877
03-04-2020,LAURUSLABS.NS,Close,Buy,328462
07-04-2020,LAURUSLABS.NS,Open,Sell,328462
07-04-2020,DRREDDY.NS,Open,Buy,7200
07-04-2020,DRREDDY.NS,Close,Sell,7200
09-04-2020,TATAMOTORS.NS,Open,Buy,352184
09-04-2020,TATAMOTORS.NS,Close,Sell,352184
15-04-2020,GSPL.NS,Open,Buy,133543
15-04-2020,GSPL.NS,Close,Sell,133543
16-04-2020,NTPC.NS,Open,Buy,290593
16-04-2020,NTPC.NS,Close,Sell,290593
16-04-2020,NTPC.NS,Close,Buy,276063
17-04-2020,NTPC.NS,Open,Sell,276063
20-04-2020,YESBANK.NS,Open,Buy,1034699
20-04-2020,YESBANK.NS,Close,Sell,1034699
21-04-2020,LAURUSLABS.NS,Open,Buy,358270
21-04-2020,LAURUSLABS.NS,Close,Sell,358270
21-04-2020,RELIANCE.NS,Close,Buy,25313
22-04-2020,RELIANCE.NS,Open,Sell,25313
24-04-2020,LAURUSLABS.NS,Open,Buy,337387
24-04-2020,LAURUSLABS.NS,Close,Sell,337387
29-04-2020,SAIL.BO,Open,Buy,1147140
29-04-2020,SAIL.BO,Close,Sell,1147140
29-04-2020,TATAMOTORS.NS,Close,Buy,421132
30-04-2020,TATAMOTORS.NS,Open,Sell,421132
30-04-2020,TATAMOTORS.NS,Open,Buy,400075
30-04-2020,TATAMOTORS.NS,Close,Sell,400075
04-05-2020,BHARTIARTL.NS,Open,Buy,70537
04-05-2020,BHARTIARTL.NS,Close,Sell,70537
07-05-2020,JSWENERGY.BO,Open,Buy,981658
07-05-2020,JSWENERGY.BO,Close,Sell,981658
11-05-2020,TATAMOTORS.NS,Open,Buy,462566
11-05-2020,TATAMOTORS.NS,Close,Sell,462566
12-05-2020,NTPC.NS,Open,Buy,437406
12-05-2020,NTPC.NS,Close,Sell,437406
12-05-2020,JSWENERGY.BO,Close,Buy,954482
13-05-2020,JSWENERGY.BO,Open,Sell,954482
19-05-2020,BHARTIARTL.NS,Open,Buy,70949
19-05-2020,BHARTIARTL.NS,Close,Sell,70949
29-05-2020,SAIL.BO,Open,Buy,1413673
29-05-2020,SAIL.BO,Close,Sell,1413673
02-06-2020,JSWENERGY.BO,Open,Buy,968687
02-06-2020,JSWENERGY.BO,Close,Sell,968687
05-06-2020,TATAMOTORS.NS,Open,Buy,412258
05-06-2020,TATAMOTORS.NS,Close,Sell,412258
12-06-2020,TATAMOTORS.NS,Open,Buy,442599
12-06-2020,TATAMOTORS.NS,Close,Sell,442599
19-06-2020,TATAMOTORS.NS,Open,Buy,458813
19-06-2020,TATAMOTORS.NS,Close,Sell,458813
22-06-2020,LAURUSLABS.NS,Open,Buy,410633
22-06-2020,LAURUSLABS.NS,Close,Sell,410633
23-06-2020,NTPC.NS,Open,Buy,471896
23-06-2020,NTPC.NS,Close,Sell,471896
08-07-2020,SAIL.BO,Open,Buy,1368677
08-07-2020,SAIL.BO,Close,Sell,1368677
08-07-2020,YESBANK.NS,Close,Buy,1764437
09-07-2020,YESBANK.NS,Open,Sell,1764437
10-07-2020,SAIL.BO,Close,Buy,1247521
13-07-2020,SAIL.BO,Open,Sell,1247521
17-07-2020,YESBANK.NS,Open,Buy,2505552
17-07-2020,YESBANK.NS,Close,Sell,2505552
23-07-2020,LAURUSLABS.NS,Open,Buy,346667
23-07-2020,LAURUSLABS.NS,Close,Sell,346667
28-07-2020,YESBANK.NS,Open,Buy,4262058
28-07-2020,YESBANK.NS,Close,Sell,4262058
29-07-2020,DRREDDY.NS,Open,Buy,11802
29-07-2020,DRREDDY.NS,Close,Sell,11802
31-07-2020,LAURUSLABS.NS,Open,Buy,292347
31-07-2020,LAURUSLABS.NS,Close,Sell,292347
03-08-2020,TATAMOTORS.NS,Open,Buy,503284
03-08-2020,TATAMOTORS.NS,Close,Sell,503284
04-08-2020,RELIANCE.NS,Open,Buy,26750
04-08-2020,RELIANCE.NS,Close,Sell,26750
07-08-2020,JSWENERGY.BO,Open,Buy,1203801
07-08-2020,JSWENERGY.BO,Close,Sell,1203801
10-08-2020,LAURUSLABS.NS,Open,Buy,266271
10-08-2020,LAURUSLABS.NS,Close,Sell,266271
13-08-2020,JSWENERGY.BO,Open,Buy,1110496
13-08-2020,JSWENERGY.BO,Close,Sell,1110496
17-08-2020,NTPC.NS,Open,Buy,637231
17-08-2020,NTPC.NS,Close,Sell,637231
18-08-2020,YESBANK.NS,Open,Buy,4091611
18-08-2020,YESBANK.NS,Close,Sell,4091611
20-08-2020,NTPC.NS,Open,Buy,618391
20-08-2020,NTPC.NS,Close,Sell,618391
21-08-2020,LAURUSLABS.NS,Open,Buy,275530
21-08-2020,LAURUSLABS.NS,Close,Sell,275530
26-08-2020,TATAMOTORS.NS,Open,Buy,457658
26-08-2020,TATAMOTORS.NS,Close,Sell,457658
01-09-2020,JSWSTEEL.NS,Open,Buy,222222
01-09-2020,JSWSTEEL.NS,Close,Sell,222222
10-09-2020,RELIANCE.NS,Open,Buy,27734
10-09-2020,RELIANCE.NS,Close,Sell,27734
14-09-2020,GSPL.NS,Open,Buy,300780
14-09-2020,GSPL.NS,Close,Sell,300780
18-09-2020,DRREDDY.NS,Open,Buy,12266
18-09-2020,DRREDDY.NS,Close,Sell,12266
28-09-2020,LAURUSLABS.NS,Open,Buy,229344
28-09-2020,LAURUSLABS.NS,Close,Sell,229344
05-10-2020,LAURUSLABS.NS,Open,Buy,229809
05-10-2020,LAURUSLABS.NS,Close,Sell,229809
16-10-2020,JSWSTEEL.NS,Open,Buy,221314
16-10-2020,JSWSTEEL.NS,Close,Sell,221314
05-11-2020,SAIL.BO,Open,Buy,1852632
05-11-2020,SAIL.BO,Close,Sell,1852632
11-11-2020,LAURUSLABS.NS,Open,Buy,267142
11-11-2020,LAURUSLABS.NS,Close,Sell,267142
18-11-2020,TATAMOTORS.NS,Open,Buy,450935
18-11-2020,TATAMOTORS.NS,Close,Sell,450935
26-11-2020,SAIL.BO,Open,Buy,1728496
26-11-2020,SAIL.BO,Close,Sell,1728496
27-11-2020,LAURUSLABS.NS,Open,Buy,261194
27-11-2020,LAURUSLABS.NS,Close,Sell,261194
03-12-2020,JSWENERGY.BO,Open,Buy,1242044
03-12-2020,JSWENERGY.BO,Close,Sell,1242044
08-12-2020,YESBANK.NS,Open,Buy,5210180
08-12-2020,YESBANK.NS,Close,Sell,5210180
08-12-2020,YESBANK.NS,Close,Buy,4949671
09-12-2020,YESBANK.NS,Open,Sell,4949671
30-12-2020,SAIL.BO,Open,Buy,1322263
30-12-2020,SAIL.BO,Close,Sell,1322263
31-12-2020,SAIL.BO,Open,Buy,1260675
31-12-2020,SAIL.BO,Close,Sell,1260675
11-01-2021,TATAMOTORS.NS,Open,Buy,443948
11-01-2021,TATAMOTORS.NS,Close,Sell,443948
12-01-2021,JSWENERGY.BO,Open,Buy,1379678
12-01-2021,JSWENERGY.BO,Close,Sell,1379678
15-01-2021,TATAMOTORS.NS,Open,Buy,398536
15-01-2021,TATAMOTORS.NS,Close,Sell,398536
20-01-2021,TATAMOTORS.NS,Open,Buy,379046
20-01-2021,TATAMOTORS.NS,Close,Sell,379046
01-02-2021,SBIN.NS,Open,Buy,347211
01-02-2021,SBIN.NS,Close,Sell,347211
02-02-2021,TATAMOTORS.NS,Open,Buy,349061
02-02-2021,TATAMOTORS.NS,Close,Sell,349061
02-02-2021,TATAMOTORS.NS,Close,Buy,331608
03-02-2021,TATAMOTORS.NS,Open,Sell,331608
03-02-2021,JSWENERGY.BO,Close,Buy,1491383
04-02-2021,JSWENERGY.BO,Open,Sell,1491383
04-02-2021,SBIN.NS,Open,Buy,334713
04-02-2021,SBIN.NS,Close,Sell,334713
04-02-2021,SBIN.NS,Close,Buy,317978
05-02-2021,SBIN.NS,Open,Sell,317978
08-02-2021,TATAMOTORS.NS,Open,Buy,366759
08-02-2021,TATAMOTORS.NS,Close,Sell,366759
11-02-2021,JSWENERGY.BO,Open,Buy,1592548
11-02-2021,JSWENERGY.BO,Close,Sell,1592548
18-02-2021,GSPL.NS,Open,Buy,486385
18-02-2021,GSPL.NS,Close,Sell,486385
26-02-2021,SAIL.BO,Open,Buy,1656667
26-02-2021,SAIL.BO,Close,Sell,1656667
02-03-2021,JSWENERGY.BO,Open,Buy,1577959
02-03-2021,JSWENERGY.BO,Close,Sell,1577959
04-03-2021,GSPL.NS,Open,Buy,470977
04-03-2021,GSPL.NS,Close,Sell,470977
08-03-2021,JSWENERGY.BO,Open,Buy,1606986
08-03-2021,JSWENERGY.BO,Close,Sell,1606986
19-03-2021,NTPC.NS,Open,Buy,1299170
19-03-2021,NTPC.NS,Close,Sell,1299170
30-03-2021,YESBANK.NS,Open,Buy,9463745
30-03-2021,YESBANK.NS,Close,Sell,9463745
01-04-2021,JSWSTEEL.NS,Open,Buy,311435
01-04-2021,JSWSTEEL.NS,Close,Sell,311435
08-04-2021,JSWSTEEL.NS,Open,Buy,263148
08-04-2021,JSWSTEEL.NS,Close,Sell,263148
09-04-2021,JSWENERGY.BO,Open,Buy,1707667
09-04-2021,JSWENERGY.BO,Close,Sell,1707667
13-04-2021,SAIL.BO,Open,Buy,1911432
13-04-2021,SAIL.BO,Close,Sell,1911432
19-04-2021,JSWENERGY.BO,Open,Buy,1733669
19-04-2021,JSWENERGY.BO,Close,Sell,1733669
22-04-2021,SAIL.BO,Open,Buy,1865653
22-04-2021,SAIL.BO,Close,Sell,1865653
26-04-2021,SAIL.BO,Open,Buy,1756487
26-04-2021,SAIL.BO,Close,Sell,1756487
29-04-2021,JSWSTEEL.NS,Open,Buy,249554
29-04-2021,JSWSTEEL.NS,Close,Sell,249554
30-04-2021,SAIL.BO,Open,Buy,1548887
30-04-2021,SAIL.BO,Close,Sell,1548887
03-05-2021,YESBANK.NS,Open,Buy,13678124
03-05-2021,YESBANK.NS,Close,Sell,13678124
05-05-2021,JSWENERGY.BO,Open,Buy,1615560
05-05-2021,JSWENERGY.BO,Close,Sell,1615560
07-05-2021,SAIL.BO,Open,Buy,1336908
07-05-2021,SAIL.BO,Close,Sell,1336908
28-05-2021,RELIANCE.NS,Open,Buy,92063
28-05-2021,RELIANCE.NS,Close,Sell,92063
01-06-2021,JSWENERGY.BO,Open,Buy,1540892
01-06-2021,JSWENERGY.BO,Close,Sell,1540892
04-06-2021,GSPL.NS,Open,Buy,634502
04-06-2021,GSPL.NS,Close,Sell,634502
07-06-2021,YESBANK.NS,Open,Buy,13409073
07-06-2021,YESBANK.NS,Close,Sell,13409073
08-06-2021,LAURUSLABS.NS,Open,Buy,333419
08-06-2021,LAURUSLABS.NS,Close,Sell,333419
16-06-2021,JSWENERGY.BO,Open,Buy,1237321
16-06-2021,JSWENERGY.BO,Close,Sell,1237321
29-06-2021,JSWENERGY.BO,Open,Buy,1282314
29-06-2021,JSWENERGY.BO,Close,Sell,1282314
15-07-2021,JSWENERGY.BO,Open,Buy,1136635
15-07-2021,JSWENERGY.BO,Close,Sell,1136635
22-07-2021,JSWENERGY.BO,Open,Buy,999308
22-07-2021,JSWENERGY.BO,Close,Sell,999308
23-07-2021,JSWENERGY.BO,Open,Buy,933656
23-07-2021,JSWENERGY.BO,Close,Sell,933656
23-07-2021,YESBANK.NS,Close,Buy,16376732
26-07-2021,YESBANK.NS,Open,Sell,16376732
28-07-2021,BHARTIARTL.NS,Open,Buy,397959
28-07-2021,BHARTIARTL.NS,Close,Sell,397959
30-07-2021,LAURUSLABS.NS,Open,Buy,357834
30-07-2021,LAURUSLABS.NS,Close,Sell,357834
12-08-2021,JSWENERGY.BO,Open,Buy,968570
12-08-2021,JSWENERGY.BO,Close,Sell,968570
24-08-2021,LAURUSLABS.NS,Open,Buy,345666
24-08-2021,LAURUSLABS.NS,Close,Sell,345666
25-08-2021,JSWENERGY.BO,Open,Buy,1042492
25-08-2021,JSWENERGY.BO,Close,Sell,1042492
31-08-2021,BHARTIARTL.NS,Open,Buy,358702
31-08-2021,BHARTIARTL.NS,Close,Sell,358702
14-09-2021,YESBANK.NS,Open,Buy,20386199
14-09-2021,YESBANK.NS,Close,Sell,20386199
15-09-2021,NTPC.NS,Open,Buy,2078601
15-09-2021,NTPC.NS,Close,Sell,2078601
16-09-2021,YESBANK.NS,Open,Buy,18938547
16-09-2021,YESBANK.NS,Close,Sell,18938547
21-09-2021,JSWSTEEL.NS,Open,Buy,417649
21-09-2021,JSWSTEEL.NS,Close,Sell,417649
28-09-2021,JSWENERGY.BO,Open,Buy,762913
28-09-2021,JSWENERGY.BO,Close,Sell,762913
29-09-2021,NTPC.NS,Open,Buy,2023999
29-09-2021,NTPC.NS,Close,Sell,2023999
07-10-2021,TATAMOTORS.NS,Open,Buy,792851
07-10-2021,TATAMOTORS.NS,Close,Sell,792851
11-10-2021,TATAMOTORS.NS,Open,Buy,726856
11-10-2021,TATAMOTORS.NS,Close,Sell,726856
12-10-2021,TATAMOTORS.NS,Close,Buy,682146
13-10-2021,TATAMOTORS.NS,Open,Sell,682146
13-10-2021,TATAMOTORS.NS,Open,Buy,648038
13-10-2021,TATAMOTORS.NS,Close,Sell,648038
29-10-2021,SAIL.BO,Close,Buy,2713620
01-11-2021,SAIL.BO,Open,Sell,2713620
01-11-2021,GSPL.NS,Open,Buy,1043864
01-11-2021,GSPL.NS,Close,Sell,1043864
15-11-2021,LAURUSLABS.NS,Open,Buy,708508
15-11-2021,LAURUSLABS.NS,Close,Sell,708508
23-11-2021,JSWENERGY.BO,Open,Buy,1167906
23-11-2021,JSWENERGY.BO,Close,Sell,1167906
25-11-2021,LAURUSLABS.NS,Open,Buy,677778
25-11-2021,LAURUSLABS.NS,Close,Sell,677778
02-12-2021,JSWENERGY.BO,Open,Buy,1148376
02-12-2021,JSWENERGY.BO,Close,Sell,1148376
10-12-2021,SAIL.BO,Close,Buy,3082381
13-12-2021,SAIL.BO,Open,Sell,3082381
